{
    "results": {
        "test": {
            "acc": 0.9997182569496619,
            "f1": 0.9997116882451578
        }
    },
    "metrics": [
        "acc",
        "f1"
    ]
}
