{
    "d_last": 0.21733818526260437,
    "batch_size": 0.17593182720299264,
    "lr": 0.1433092048979018,
    "steps": 0.1244862536269662,
    "num_timesteps": 0.11961651779455668,
    "n_layers": 0.08123174930913446,
    "d_first": 0.06996233267700795,
    "scheduler": 0.03872122888602402,
    "num_samples": 0.029402700342812026
}
