{
    "eval_type": "synthetic",
    "dataset": "data\\colosseum\\",
    "metrics": {
        "train": {
            "0": {
                "precision": 0.827460510328068,
                "recall": 0.8890339425587467,
                "f1-score": 0.8571428571428571,
                "support": 766.0
            },
            "1": {
                "precision": 0.8285714285714286,
                "recall": 0.4142857142857143,
                "f1-score": 0.5523809523809524,
                "support": 140.0
            },
            "2": {
                "precision": 0.8565573770491803,
                "recall": 0.8720445062586927,
                "f1-score": 0.8642315644383184,
                "support": 719.0
            },
            "accuracy": 0.8406153846153847,
            "macro avg": {
                "precision": 0.8375297719828924,
                "recall": 0.7251213877010513,
                "f1-score": 0.757918457987376,
                "support": 1625.0
            },
            "weighted avg": {
                "precision": 0.8404304646213296,
                "recall": 0.8406153846153847,
                "f1-score": 0.8340229272221001,
                "support": 1625.0
            },
            "score": 0.8406153846153847
        },
        "val": {
            "0": {
                "precision": 0.9399236735196356,
                "recall": 0.999869041382923,
                "f1-score": 0.9689701123167713,
                "support": 7636.0
            },
            "1": {
                "precision": 0.945664739884393,
                "recall": 0.6268199233716475,
                "f1-score": 0.7539170506912443,
                "support": 1305.0
            },
            "2": {
                "precision": 0.9998637973304276,
                "recall": 0.9935038570848559,
                "f1-score": 0.9966736813522503,
                "support": 7389.0
            },
            "accuracy": 0.9671769748928353,
            "macro avg": {
                "precision": 0.9618174035781522,
                "recall": 0.8733976072798089,
                "f1-score": 0.9065202814534219,
                "support": 16330.0
            },
            "weighted avg": {
                "precision": 0.9675041797317575,
                "recall": 0.9671769748928353,
                "f1-score": 0.9643196179004726,
                "support": 16330.0
            },
            "score": 0.9671769748928353
        },
        "test": {
            "0": {
                "precision": 0.9424939467312349,
                "recall": 0.9998715643462626,
                "f1-score": 0.9703352860525988,
                "support": 7786.0
            },
            "1": {
                "precision": 0.9462254395036195,
                "recall": 0.6630434782608695,
                "f1-score": 0.7797187899446102,
                "support": 1380.0
            },
            "2": {
                "precision": 0.9998592342342343,
                "recall": 0.9913468248429868,
                "f1-score": 0.9955848342560796,
                "support": 7165.0
            },
            "accuracy": 0.9676688506521339,
            "macro avg": {
                "precision": 0.9628595401563628,
                "recall": 0.8847539558167062,
                "f1-score": 0.9152129700844295,
                "support": 16331.0
            },
            "weighted avg": {
                "precision": 0.9679774899915914,
                "recall": 0.9676688506521339,
                "f1-score": 0.9653057256000187,
                "support": 16331.0
            },
            "score": 0.9676688506521339
        }
    }
}
